<?xml version="1.0" encoding="UTF-8"?>
<!DOCTYPE suite SYSTEM "http://testng.org/testng-1.0.dtd" >

<suite name="Generic Catalog">
	
	<parameter name="project" value="Generic Catalog" />
	<parameter name="browser" value="chrome" />
	<!-- <parameter name="URL" value="http://abbyson.com/"/> -->
	
	<parameter name="retryCount" value="0" />

	<test name="Test Catalog Links">
		<classes>
			<class name="com.qualitesoft.genericcatalog.testscripts.TestCatalogPage" />
		</classes>
	</test>
	
	<test name="Test Footer Links">
		<classes>
			<class name="com.qualitesoft.genericcatalog.testscripts.TestFooterLink" />
		</classes>
	</test>
	

</suite>