<?xml version="1.0" encoding="UTF-8"?>
<!DOCTYPE suite SYSTEM "http://testng.org/testng-1.0.dtd" >

<suite name="MBShopify suite">
	
	<parameter name="project" value="MBShopify" />
	<parameter name="browser" value="chrome" />
	<parameter name="URL" value="https://www.shopify.ca/partners" />
	<parameter name="retryCount" value="0" />

	<test name="Test CreateNewStore">
		<classes>
			<class name="com.qualitesoft.MBShopify.testscripts.TestCreateNewStore" />
		</classes>
	</test> 
	<test name="Test AddProduct">
		<classes>
			<class name="com.qualitesoft.MBShopify.testscripts.TestAddProduct" />
		</classes>
	</test> 
<test name="Test DisablePassword">
		<classes>
			<class name="com.qualitesoft.MBShopify.testscripts.TestDisablePassword" />
		</classes>
	</test> 	
<test name="Test InstallMuzeBoard">
		<classes>
			<class name="com.qualitesoft.MBShopify.testscripts.TestInstallMuzeBoard" />
		</classes>
	</test> 
<test name="Test Registration">
		<classes>
			<class name="com.qualitesoft.MBShopify.testscripts.TestRegistration" />
		</classes>
	</test> 
<test name="Test CreateBoard">
		<classes>
			<class name="com.qualitesoft.MBShopify.testscripts.TestCreateBoard" />
		</classes>
	</test> 					
</suite>	