{"schema":{"toprod":false,"date":"2021-09-07T15:25:03.4069292Z","regex":"_\\d\\d\\d\\d_\\d\\d$","method":"Append","tostage":false,"createdby":"soravkumar.singh@ihsmarkit.com","isdropbeforeinsert":false,"formatname":"pointqueryhistory_dp_weekly_2008_12","type":"schedule","snowflakedatabaseenv":null},"columns":[{"name":"frequency","type":"string"},{"name":"frequencyname","type":"string"},{"name":"date","type":"string"},{"name":"pointid","type":"int"},{"name":"pointname","type":"string"},{"name":"pipelineid","type":"int"},{"name":"pipeline","type":"string"},{"name":"locationtypeid","type":"int"},{"name":"locationtype","type":"string"},{"name":"countryid","type":"int"},{"name":"country","type":"string"},{"name":"regionid","type":"int"},{"name":"region","type":"string"},{"name":"subregionid","type":"int"},{"name":"subregion","type":"string"},{"name":"stateid","type":"int"},{"name":"state","type":"string"},{"name":"countyid","type":"int"},{"name":"county","type":"string"},{"name":"flowdirection","type":"string"},{"name":"locpropcode","type":"string"},{"name":"pointzone","type":"string"},{"name":"nonotice","type":"string"},{"name":"capacity","type":"float"},{"name":"utilization","type":"float"},{"name":"volumemmcfd","type":"float"},{"name":"startdate","type":"string"},{"name":"enddate","type":"string"},{"name":"startdate_param","type":"string"},{"name":"enddate_param","type":"string"}]}