<?xml version="1.0" encoding="UTF-8"?>
<!DOCTYPE suite SYSTEM "http://testng.org/testng-1.0.dtd" >

<suite name="Freight Club Ph 2 Suite">

	<parameter name="project" value="Freight Club Ph 2" />
	<parameter name="browser" value="chrome" />
	<parameter name="URL" value="http://qa.freightclub.com/" />
		<parameter name="manageproductfile" value="Import_PIDs_Template_V4.xlsx" />
	<parameter name="managefullorderfile" value="Import_Orders_V4.xlsx" />
	<parameter name="managequickorderfile" value="Quick_Order(1).xlsx" />
	<parameter name="retryCount" value="0" />

     <test name="Test Navigate Website">
		<classes>
			<class
				name="com.qualitesoft.freightclubPh2.testscripts.TestNavigateTheWebsite" />
		</classes>
	</test>

	  <test name="Test SignIn as Admin">
		<parameter name="fcusername" value="freightclubinfo@gmail.com" />
		<parameter name="fcpassword" value="Welcome@1" />
		<classes>
			<class name="com.qualitesoft.freightclubPh2.testscripts.TestSignIn" />
		</classes>
	</test> 

  	<test name="Test Manage Greenlist">
		<classes>
			<class name="com.qualitesoft.freightclubPh2.testscripts.TestManageGreenlist" />
		</classes>
	</test>  
 	<test name="Test Manage Profile">
 	<parameter name="Row" value="NO" />
		<classes>
			<class name="com.qualitesoft.freightclubPh2.testscripts.TestManageProfiles" />
		</classes>
	</test>
	<test name="Test Log Off from Admin">
		<classes>
			<class name="com.qualitesoft.freightclubPh2.testscripts.TestLogOff" />
		</classes>
	</test>     
 	<test name="Test SignIn as existing user">
		<parameter name="fcusername" value="rodrigo.r@cymax.com" />
		<parameter name="fcpassword" value="Welcome@2" />
		<classes>
			<class name="com.qualitesoft.freightclubPh2.testscripts.TestSignIn" />
		</classes>
	</test>  
	  <test name="Test Manage Product">
		<classes>
			<class name="com.qualitesoft.freightclubPh2.testscripts.TestManageProducts" />
		</classes>
	</test>   
 	   <test name="Test Quick Quote LTL-Search product">
	<parameter name="Row" value="2" />
		<classes>
			<class name="com.qualitesoft.freightclubPh2.testscripts.TestGetQuote" />
		</classes>
	</test> 
 	  <test name="Test Bill of Lading LTL-Search product">
 	 <parameter name="Row" value="2" />
		<classes>
			<class name="com.qualitesoft.freightclubPh2.testscripts.TestBillofLading" />
		</classes>
	</test>   
	<test name="Test Clone Orders LTL-Search product">
	<parameter name="Row" value="2" />
		<classes>
			<class name="com.qualitesoft.freightclubPh2.testscripts.TestCloneOrders" />
		</classes>
	</test>     
	  <test name="Test Quick Quote LTL-Standard pallet with added product">
	<parameter name="Row" value="3" />
		<classes>
			<class name="com.qualitesoft.freightclubPh2.testscripts.TestGetQuote" />
		</classes>
	</test>
 	  <test name="Test Bill of Lading LTL-Standard pallet with added product">
 	 <parameter name="Row" value="3" />
		<classes>
			<class name="com.qualitesoft.freightclubPh2.testscripts.TestBillofLading" />
		</classes> 
	</test>  
	<test name="Test Clone Orders LTL-Standard pallet with added product">
	<parameter name="Row" value="3" />
		<classes>
			<class name="com.qualitesoft.freightclubPh2.testscripts.TestCloneOrders" />
		</classes>
	</test>   
	  <test name="Test Quick Quote LTL-Non-Palletized">
	<parameter name="Row" value="4" />
		<classes>
			<class name="com.qualitesoft.freightclubPh2.testscripts.TestGetQuote" />
		</classes>
	</test>  
 	 <test name="Test Bill of Lading LTL-Non-Palletized">
 	 <parameter name="Row" value="4" />
		<classes>
			<class name="com.qualitesoft.freightclubPh2.testscripts.TestBillofLading" />
		</classes>
	</test>  
	 <test name="Test Clone Orders LTL-Non-Palletized">
	<parameter name="Row" value="4" />
		<classes>
			<class name="com.qualitesoft.freightclubPh2.testscripts.TestCloneOrders" />
		</classes>
	</test>  
		<test name="Test Quick Quote LTL with pallet and Non-Palletized">
	<parameter name="Row" value="5" />
		<classes>
			<class name="com.qualitesoft.freightclubPh2.testscripts.TestGetQuote" />
		</classes>
	</test>
 	 <test name="Test Bill of Lading LTL with pallet and Non-Palletized">
 	 <parameter name="Row" value="5" />
		<classes>
			<class name="com.qualitesoft.freightclubPh2.testscripts.TestBillofLading" />
		</classes>
	</test>  
	<test name="Test Clone Orders LTL with pallet and Non-Palletized">
	<parameter name="Row" value="5" />
		<classes>
			<class name="com.qualitesoft.freightclubPh2.testscripts.TestCloneOrders" />
		</classes>
	</test>   
				<test name="Test Quick Quote Parcel-USPS">
	<parameter name="Row" value="6" />
		<classes>
			<class name="com.qualitesoft.freightclubPh2.testscripts.TestGetQuote" />
		</classes>
	</test>
 	 <test name="Test Bill of Lading Parcel-USPS">
 	 <parameter name="Row" value="6" />
		<classes>
			<class name="com.qualitesoft.freightclubPh2.testscripts.TestBillofLading" />
		</classes>
	</test>  
	<test name="Test Clone Orders Parcel-USPS">
	<parameter name="Row" value="6" />
		<classes>
			<class name="com.qualitesoft.freightclubPh2.testscripts.TestCloneOrders" />
		</classes>
	</test>  
	<test name="Test Quick Quote Parcel-Search product">
	<parameter name="Row" value="7" />
		<classes>
			<class name="com.qualitesoft.freightclubPh2.testscripts.TestGetQuote" />
		</classes>
	</test> 
 	 <test name="Test Bill of Lading Parcel-Search product">
 	 <parameter name="Row" value="7" />
		<classes>
			<class name="com.qualitesoft.freightclubPh2.testscripts.TestBillofLading" />
		</classes>
	</test>  
	<test name="Test Clone Orders Parcel-Search product">
	<parameter name="Row" value="7" />
		<classes>
			<class name="com.qualitesoft.freightclubPh2.testscripts.TestCloneOrders" />
		</classes>
	</test> 	 	
	 	<test name="Test Log Off">
		<classes>
			<class name="com.qualitesoft.freightclubPh2.testscripts.TestLogOff" />
		</classes> 
	</test>        
		
	<!-- SUREPOSRT -->
	
    <!--  <test name="Test Navigate Website M Store">
		<classes>
			<class
				name="com.qualitesoft.freightclubPh2.testscripts.TestNavigateTheWebsite" />
		</classes>
	</test>
  <test name="Test SignIn as Admin M Store">
		<parameter name="fcusername" value="freightclubinfo@gmail.com" />
		<parameter name="fcpassword" value="Welcome@1" />
		<classes>
			<class name="com.qualitesoft.freightclubPh2.testscripts.TestSignIn" />
		</classes>
	</test>  
		 	<test name="Test Manage GreenlistM Store">
		<classes>
			<class name="com.qualitesoft.freightclubPh2.testscripts.TestManageGreenlist" />
		</classes>
	</test> 
 	<test name="Test Manage Profile M store">
 	<parameter name="Row" value="M store" />
		<classes>
			<class name="com.qualitesoft.freightclubPh2.testscripts.TestManageProfiles" />
		</classes>
	</test>
	<test name="Test Log Off from Admin M Store">
		<classes>
			<class name="com.qualitesoft.freightclubPh2.testscripts.TestLogOff" />
		</classes>
	</test>   
		   
		<test name="Test SignIn as existing user M Store">
		<parameter name="fcusername" value="rodrigo.r@cymax.com" />
		<parameter name="fcpassword" value="Welcome@2" />
		<classes>
			<class name="com.qualitesoft.freightclubPh2.testscripts.TestSignIn" />
		</classes>
	</test> 
 
 <test name="Test Manage Product M Store">
		<classes>
			<class name="com.qualitesoft.freightclubPh2.testscripts.TestManageProducts" />
		</classes>
	</test>  
	<test name="Test Quick Quote Parcel-USPS M Store">
	<parameter name="Row" value="8" />
		<classes>
			<class name="com.qualitesoft.freightclubPh2.testscripts.TestGetQuote" />
		</classes>
	</test> 
 	 <test name="Test Bill of Lading Parcel-USPS M Store">
 	 <parameter name="Row" value="8" />
		<classes>
			<class name="com.qualitesoft.freightclubPh2.testscripts.TestBillofLading" />
		</classes>
	</test> 
	 <test name="Test Manage Full Orders Parcel-USPS M Store">
	<parameter name="Row" value="8" />
		<classes>
			<class name="com.qualitesoft.freightclubPh2.testscripts.TestManageFullOrders" />
		</classes>
	</test> 
	<test name="Test Clone Orders Parcel-USPS M Store">
	<parameter name="Row" value="8" />
		<classes>
			<class name="com.qualitesoft.freightclubPh2.testscripts.TestCloneOrders" />
		</classes>
	</test>  
	<test name="Test Quick Quote Parcel-Search product M Store">
	<parameter name="Row" value="9" />
		<classes>
			<class name="com.qualitesoft.freightclubPh2.testscripts.TestGetQuote" />
		</classes>
	</test> 
 	 <test name="Test Bill of Lading Parcel-Search product M Store">
 	 <parameter name="Row" value="9" />
		<classes>
			<class name="com.qualitesoft.freightclubPh2.testscripts.TestBillofLading" />
		</classes>
	</test>  
		<test name="Test Manage Full Orders Search product M Store">
		<parameter name="Row" value="9" />
		<classes>
			<class name="com.qualitesoft.freightclubPh2.testscripts.TestManageFullOrders" />
		</classes>
	</test> 
	<test name="Test Clone Orders Parcel-Search product M Store">
	<parameter name="Row" value="9" />
		<classes>
			<class name="com.qualitesoft.freightclubPh2.testscripts.TestCloneOrders" />
		</classes>
	</test> 
	<test name="Test Log Off M Store">
		<classes>
			<class name="com.qualitesoft.freightclubPh2.testscripts.TestLogOff" />
		</classes> 
	</test>   -->
</suite>	 