<?xml version="1.0" encoding="UTF-8"?>
<!DOCTYPE suite SYSTEM "http://testng.org/testng-1.0.dtd" >

<suite name="Freight Club Suite">

	<parameter name="project" value="Freight Club" />
	<parameter name="browser" value="chrome" />
	<parameter name="URL" value="https://qa.freightclub.com/" /> 
	<!-- <parameter name="URL" value="https://app.freightclub.com/" /> -->
	<parameter name="retryCount" value="0" />
	<parameter name="manageproductfile" value="Import_PIDs_Template_V4.xlsx" />
	<parameter name="managefullorderfile" value="Import_Orders_V4.xlsx" />
	<parameter name="managequickorderfile" value="Quick_Order(1).xlsx" />
	
  	 <test name="Test Navigate Website">
		<classes>
			<class
				name="com.qualitesoft.freightclub.testscripts.TestNavigateTheWebsite" />
		</classes>
	</test>

   	    <test name="Test SignIn as Admin">
		<parameter name="fcusername" value="freightclubinfo@gmail.com" />
		<parameter name="fcpassword" value="Welcome@1" />
		<classes>
			<class name="com.qualitesoft.freightclub.testscripts.TestSignIn" />
		</classes>
	</test> 

  	<test name="Test Manage Greenlist">
		<classes>
			<class name="com.qualitesoft.freightclub.testscripts.TestManageGreenlist" />
		</classes>
	</test>  

 	<test name="Test Manage Profile">
 	<parameter name="Row" value="NO" />
		<classes>
			<class name="com.qualitesoft.freightclub.testscripts.TestManageProfiles" />
		</classes>
	</test>

	<test name="Test Log Off from Admin">
		<classes>
			<class name="com.qualitesoft.freightclub.testscripts.TestLogOff" />
		</classes>
	</test>        

 	<test name="Test SignIn as existing user">
		<parameter name="fcusername" value="prodtest@mailinator.com" />
		<parameter name="fcpassword" value="@Test123" />
		<classes>
			<class name="com.qualitesoft.freightclub.testscripts.TestSignIn" />
		</classes>
	</test> 
  	  <test name="Test Manage Pickup Locations">
		<classes>
			<class
				name="com.qualitesoft.freightclub.testscripts.TestManagePickupLocations" />
		</classes>
	</test>   
	 <test name="Test Quick Quote">
		<classes>
			<class name="com.qualitesoft.freightclub.testscripts.TestGetQuote" />
		</classes>
	</test>
 	 <test name="Test Bill of Lading">
		<classes>
			<class name="com.qualitesoft.freightclub.testscripts.TestBillofLading" />
		</classes>
	</test>  

	<test name="Test Order History">
		<classes>
			<class name="com.qualitesoft.freightclub.testscripts.TestOrderHistory" />
		</classes>
	</test> 

	<test name="Test Manage Full Orders">
		<classes>
			<class name="com.qualitesoft.freightclub.testscripts.TestManageFullOrders" />
		</classes>
	</test>
	<test name="Test Log Off">
		<classes>
			<class name="com.qualitesoft.freightclub.testscripts.TestLogOff" />
		</classes>
	</test> 

	<test name="Test SignIn2 as Admin">
		<parameter name="fcusername" value="freightclubinfo@gmail.com" />
		<parameter name="fcpassword" value="Welcome@1" />
		<classes>
			<class name="com.qualitesoft.freightclub.testscripts.TestSignIn" />
		</classes>
	</test>
	<test name="Test Tracking Status">
		<classes>
			<class name="com.qualitesoft.freightclub.testscripts.TestTrackingStatus" />
		</classes>
	</test>

	<test name="Test Log Off from Admin2">
		<classes>
			<class name="com.qualitesoft.freightclub.testscripts.TestLogOff" />
		</classes>
	</test>    
</suite>	