<?xml version="1.0" encoding="UTF-8"?>
<!DOCTYPE suite SYSTEM "http://testng.org/testng-1.0.dtd" >

<suite name="Homesquare Suite">
	
	<parameter name="project" value="Homesquare" />
	<parameter name="browser" value="chrome" />
	<parameter name="URL" value="http://qa.homesquare.com/" />
	<parameter name="retryCount" value="0" />
    <parameter name="plaquery" value="src=PLA" />
   
	
 

 	<test name="Test Create New Account">
		<classes>
			<class name="com.qualitesoft.homesquare.testscripts.TestHomeSquareCreateNewAccount" />
		</classes>
	</test>
	
   <test name="Product List Refinement">
		<classes>
			<class name="com.qualitesoft.homesquare.testscripts.TestHomeSquareProductListingRefinement" />
		</classes>
	</test> 
	<test name="Test Add Items to Cart">
		<classes>
			<class name="com.qualitesoft.homesquare.testscripts.TestHomeSquareAddItemsToCart" />
		</classes>
	</test>
	
	 <test name="EnhancedCart Product">
		<classes>
			<class name="com.qualitesoft.homesquare.testscripts.TestHomeSquareEnhancedCartPLA" />
		</classes>
	 </test>
	   <test name="Shipping Info">
		<classes>
			<class name="com.qualitesoft.homesquare.testscripts.TestHomeSquareShippingInfo" />
		</classes>
	 </test>	  
    <test name="Checkout Cart">
		<classes>
			<class name="com.qualitesoft.homesquare.testscripts.TestHomeSquareCartPages" />
		</classes>
	</test>
	
	<test name="Order Confirmation">
		<classes>
			<class name="com.qualitesoft.homesquare.testscripts.TestHomeSquareOrderConfirmation" />
		</classes>
	</test>
	  <test name="Search Product">
		<classes>
			<class name="com.qualitesoft.homesquare.testscripts.TestHomeSquareSearchProduct" />
		</classes>
	</test> 
	<test name="Log Out">
		<classes>
			<class name="com.qualitesoft.homesquare.testscripts.TestHomeSquareLogOff" />
		</classes>
	</test>
</suite>	