<?xml version="1.0" encoding="UTF-8"?>
<!DOCTYPE suite SYSTEM "http://testng.org/testng-1.0.dtd" >

<suite name="Muzeboard Suite">
	
	<parameter name="project" value="Homesquare" />
	<parameter name="browser" value="chrome" />
	<parameter name="URL" value="http://qa02.homesquare.com/" />
	<parameter name="retryCount" value="0" />

	<test name="Test Sign Up">
		<classes>
			<class name="com.qualitesoft.homesquare.testscripts.MuzeboardSignUp" />
		</classes>
	</test>
	
	<test name="Test Overview Page">
		<classes>
			<class name="com.qualitesoft.homesquare.testscripts.MuzeboardOverview" />
		</classes>
	</test>
	
	<test name="Test New Board Creation">
		<classes>
			<class name="com.qualitesoft.homesquare.testscripts.MuzeboardNewBoardCreation" />
		</classes>
	</test>
	
	<test name="Test Save Board">
		<classes>
			<class name="com.qualitesoft.homesquare.testscripts.MuzeboardSave" />
		</classes>
	</test>
	
	<test name="Test Publish Board">
		<classes>
			<class name="com.qualitesoft.homesquare.testscripts.MuzeboardPublish" />
		</classes>
	</test>
	
	<test name="Test Edit Board Details">
		<classes>
			<class name="com.qualitesoft.homesquare.testscripts.TestEditMuzeboardDetails" />
		</classes>
	</test>
	
	<test name="Test Edit and Save Profile Details">
		<classes>
			<class name="com.qualitesoft.homesquare.testscripts.TestEditProfileDetails" />
		</classes>
	</test>
	
	<test name="Test Logout Board">
		<classes>
			<class name="com.qualitesoft.homesquare.testscripts.MuzeboardLogout" />
		</classes>
	</test>
	
	<test name="Test Login as Admin">
		<classes>
			<class name="com.qualitesoft.homesquare.testscripts.TestLoginAsAdmin" />
		</classes>
	</test>
	
	<test name="Test Approve the Board">
		<classes>
			<class name="com.qualitesoft.homesquare.testscripts.TestApproveBoard" />
		</classes>
	</test>
	
	<test name="Test Log Off as Admin">
		<classes>
			<class name="com.qualitesoft.homesquare.testscripts.TestLogoffAsAdmin" />
		</classes>
	</test>
	
	<test name="Test Navigate to HSQ homepage">
		<classes>
			<class name="com.qualitesoft.homesquare.testscripts.TestNavigateToHSQHomepage" />
		</classes>
	</test>
	
	<test name="Test Login as Admin 2">
		<classes>
			<class name="com.qualitesoft.homesquare.testscripts.TestLoginAsAdmin2" />
		</classes>
	</test>
	
	<test name="Test Disapprove the Board">
		<classes>
			<class name="com.qualitesoft.homesquare.testscripts.TestDisapproveTheBoard" />
		</classes>
	</test>
	
	<test name="Test Log Off as Admin 2">
		<classes>
			<class name="com.qualitesoft.homesquare.testscripts.TestLogOffAsAdmin2" />
		</classes>
	</test>
	
</suite>	