<?xml version="1.0" encoding="UTF-8" standalone="no"?>
<suite name="Framework_Project1" thread-count="1">
      <parameter name="prjName" value="Framework_Project1"></parameter>
      <parameter name="instanceName" value="qa"></parameter>
      <parameter name="sauceUser" value="Local"></parameter>
      <parameter name="testSetName" value="gmail"></parameter>
      <test name="gmail">
        <parameter name="testEnvironment" value="SendMailFromGmail=Windows 7||Firefox"></parameter>
        <parameter name="moduleName" value="gmail"></parameter>
        <classes>
            <class name="scripts.gmail.SendMailFromGmail"/>
        </classes>
      </test>
</suite>