<?xml version="1.0" encoding="UTF-8" standalone="no"?>
<suite name="Testing" thread-count="1">
      <parameter name="prjName" value="Testing"></parameter>
      <parameter name="instanceName" value=""></parameter>
      <parameter name="sauceUser" value="Local"></parameter>
      <parameter name="testSetName" value="shopclues"></parameter>
      <test name="shopclues">
        <parameter name="testEnvironment" value="verifyUserIsAbleToLogin=Windows 7||Chrome,verifyUserRegisteredSuccessfully=Windows 7||Chrome"></parameter>
        <parameter name="moduleName" value="shopclues"></parameter>
        <classes>
          
          <class name="scripts.shopclues.verifyUserIsAbleToLogin"/>
          <class name="scripts.shopclues.verifyUserRegisteredSuccessfully"/>
         
        </classes>
      </test>
</suite>