<?xml version="1.0" encoding="UTF-8"?>
<!DOCTYPE suite SYSTEM "http://testng.org/testng-1.0.dtd" >

<suite name="Generic Website">
	
	<parameter name="project" value="Generic Website" />
	<parameter name="browser" value="chrome" />
	<!-- <parameter name="URL" value="http://vignettes.staging.constantretail.com/"/> -->
	<parameter name="URL" value="https://abbysontradeprogram.staging.constantretail.com"/>
	<parameter name="retryCount" value="0" />
	
	
<!-- 	<test name="Test Login In">
		<classes>
			<class name="com.qualitesoft.americanmattress.testscripts.TestCreateNewAccount" />
		</classes>
	</test> -->

	<!-- <test name="Test Create New Account">
		<classes>
			<class name="com.qualitesoft.americanmattress.testscripts.TestCreateNewAccount" />
		</classes>
	</test>
	
	<test name="Test Add Items to Cart">
		<classes>
			<class name="com.qualitesoft.americanmattress.testscripts.TestAddItemsToCart" />
		</classes>
	</test>
	
	<test name="Test Cart Pages">
		<classes>
			<class name="com.qualitesoft.americanmattress.testscripts.TestCartPages" />
		</classes>
	</test>
	
	<test name="Test Checkout as Account Holder">
		<classes>
			<class name="com.qualitesoft.americanmattress.testscripts.TestCheckoutAsAccountHolder" />
		</classes>
	</test>	
	
	<test name="Test Logout">
		<classes>
			<class name="com.qualitesoft.americanmattress.testscripts.TestLogOff" />
		</classes>
	</test>	
 -->
</suite>