<?xml version="1.0" encoding="UTF-8"?>
<!DOCTYPE suite SYSTEM "http://testng.org/testng-1.0.dtd" >

<suite name="AmazonScrapperProject Suite">
	 
	<parameter name="project" value="AmazonScrapperProject" />
	<parameter name="browser" value="chrome" />	
	<!-- <parameter name="URL" value="https://sellercentral.amazon.com/feediscounts/dashboard/price" /> -->
	<parameter name="URL" value="https://sellercentral.amazon.com/feedback-manager/index.html#/" />
	
	
	
	<parameter name="retryCount" value="0" />

	 <test name="Test Login">
		<classes>
			<class name="com.qualitesoft.AmazonScrapperProject.LoginCR" />
		</classes>
	</test>
	
	 <test name="Test Get Feedback Details">
		<classes>
			<class name="com.qualitesoft.AmazonScrapperProject.GetFeedbackDetails" />
		</classes>
	</test>  
<!-- 	   <test name="Test Get Price Details DB">
		<classes>
			<class name="com.qualitesoft.AmazonScrapperProject.GetPriceDetailsDB" />
		</classes>
	</test>    -->
<!--  <test name="Test Get Price Details">
		<classes>
			<class name="com.qualitesoft.AmazonScrapperProject.GetPriceDetails" />
		</classes>
	</test>   -->  
 	 <test name="Test LogOut">
		<classes>
			<class name="com.qualitesoft.AmazonScrapperProject.LogOut" />
		</classes>
	</test>	 


	
</suite>