<?xml version="1.0" encoding="UTF-8"?>
<!DOCTYPE suite SYSTEM "http://testng.org/testng-1.0.dtd" >

<suite name="test Suite">
	 
	<parameter name="project" value="test" />
	<parameter name="browser" value="chrome" />	
	<parameter name="URL" value="http://merchants.google.com/merchants/Home?a=3963838" />
	<!-- <parameter name="URL" value="http://my.staging.constantretail.com/" /> -->
	
	<parameter name="retryCount" value="0" />

	 <test name="Test Login">
		<classes>
			<class name="com.qualitesoft.googlemerchantpricebenchmarksimulator.LoginCR" />
		</classes>
	</test>
 <test name="Test Product selection">
		<classes>
			<class name="com.qualitesoft.googlemerchantpricebenchmarksimulator.Product" />
		</classes>
	</test> 
	 <test name="Test LogOut">
		<classes>
			<class name="com.qualitesoft.googlemerchantpricebenchmarksimulator.LogOut" />
		</classes>
	</test>	
<!--  	<test name="Test Select And Activate Subscription">
		<classes>
			<class name="com.qualitesoft.constantretail.testscripts.SelectAndActivateSubscription" />
		</classes>
	</test>  -->

	
</suite>