<?xml version="1.0" encoding="UTF-8"?>
<!DOCTYPE suite SYSTEM "http://testng.org/testng-1.0.dtd" >

<suite name="Floating Cart Suite">

	<parameter name="project" value="Floating Cart" />
	<parameter name="browser" value="chrome" />
	<parameter name="URL" value="http://qa.freightclub.com/" /> 
	<!-- <parameter name="URL" value="https://www.freightclub.com/" /> -->  
	<parameter name="retryCount" value="0" />
	<parameter name="manageproductfile" value="Import_PIDs_Template_V4.xlsx" />
	<parameter name="managefullorderfile" value="Import_Orders_V4.xlsx" />
	<parameter name="managequickorderfile" value="Quick_Order(1).xlsx" />


   <test name="Test LaunchQuickQuote">
		<classes>
			<class name="com.qualitesoft.floatingcart.testscripts.TestLaunchQuickQuote" />
		</classes>
	</test>
	<test name="Test QuickQuote">
	<parameter name="loginuser" value="new" />
		<classes>
			<class name="com.qualitesoft.floatingcart.testscripts.TestGetQuote" />
		</classes>
	</test>
	<test name="Test CreateAccount">
		<classes>
			<class name="com.qualitesoft.floatingcart.testscripts.TestCreateAccount" />
		</classes>
	</test>
	<test name="Test ShipmentInfo">
		<classes>
			<class name="com.qualitesoft.floatingcart.testscripts.TestShipmentInfo" />
		</classes>
	</test>	
		<test name="Test Payment">
		<parameter name="loginuser" value="new" />
		<classes>
			<class name="com.qualitesoft.floatingcart.testscripts.TestPayment" />
		</classes>
	</test>	
		<test name="Test LogOff">
		<classes>
			<class name="com.qualitesoft.floatingcart.testscripts.TestLogOff" />
		</classes>
	</test>	 	 
		  <test name="Test SignIn2 as Admin">
		<parameter name="fcusername" value="freightclubinfo@gmail.com" />
		<parameter name="fcpassword" value="Welcome@1" />
		<classes>
			<class name="com.qualitesoft.floatingcart.testscripts.TestSignIn" />
		</classes>
	</test>
			<test name="Test Manage Profile">
		<classes>
			<class name="com.qualitesoft.floatingcart.testscripts.TestManageProfiles" />
		</classes>
	</test>  
		<test name="Test Log Off from Admin2">
		<classes>
			<class name="com.qualitesoft.floatingcart.testscripts.TestLogOff" />
		</classes>
	</test>     
		<test name="Test SignIn2 as M Store">
		<parameter name="fcusername" value="Rodrigo.r@cymax.com" />
		<parameter name="fcpassword" value="Welcome@2" />
		<classes>
			<class name="com.qualitesoft.floatingcart.testscripts.TestSignIn" />
		</classes>
	</test>	
	
		<test name="Test QuickQuote as M Store">
		<parameter name="loginuser" value="Mstoreuser" />
		<classes>
			<class name="com.qualitesoft.floatingcart.testscripts.TestGetQuote" />
		</classes>
	</test>
	
		<test name="Test ShipmentInfo as M Store">
		<classes>
			<class name="com.qualitesoft.floatingcart.testscripts.TestShipmentInfo" />
		</classes>
	</test>	
	
		<test name="Test Payment as M Store">
		<parameter name="loginuser" value="Mstoreuser" />
		<classes>
			<class name="com.qualitesoft.floatingcart.testscripts.TestPayment" />
		</classes>
	</test>	 
	
	<test name="Test QuickQuote as M Store2">
		<parameter name="loginuser" value="Mstore2" />
		<classes>
			<class name="com.qualitesoft.floatingcart.testscripts.TestGetQuote" />
		</classes>
	</test>
	
			<test name="Test ShipmentInfo as M Store2">
		<classes>
			<class name="com.qualitesoft.floatingcart.testscripts.TestShipmentInfo" />
		</classes>
	</test>	
			<test name="Test Payment as M Store2">
			<parameter name="loginuser" value="Mstore2" />
		<classes>
			<class name="com.qualitesoft.floatingcart.testscripts.TestPayment" />
		</classes>
	</test>	
	
			<test name="Test Log Off from M store">
		<classes>
			<class name="com.qualitesoft.floatingcart.testscripts.TestLogOff" />
		</classes>
	</test> 
</suite>	