<?xml version="1.0" encoding="UTF-8"?>
<!DOCTYPE suite SYSTEM "http://testng.org/testng-1.0.dtd" >

<suite name="ChannelGate SIP">
	
	<parameter name="project" value="ChannelGate SIP" />
	<parameter name="browser" value="chrome" />
	<parameter name="URL" value="https://stagingapps.channelgate.io"/>
	<parameter name="retryCount" value="0" />

  	 <test name="Test Login">
		<classes>
			<class name="com.qualitesoft.channelgatesip.testscripts.TestLogin" />
		</classes>
	</test>
	
	 <test name="TestInstance">
		<classes>
			<class name="com.qualitesoft.channelgatesip.testscripts.TestInstance" />
		</classes>
	</test>
	
	<test name="TestAdminPortal">
		<classes>
			<class name="com.qualitesoft.channelgatesip.testscripts.TestAdminPortal" />
		</classes>
	</test>
	
	<test name="TestSelectBrand">
		<classes>
			<class name="com.qualitesoft.channelgatesip.testscripts.TestSelectBrand" />
		</classes>
	</test>	
		
		<test name="TestNavigation">
		<classes>
			<class name="com.qualitesoft.channelgatesip.testscripts.TestNavigation" />
		</classes>
	</test>	
		<test name="TestInviteUser">
		<classes>
			<class name="com.qualitesoft.channelgatesip.testscripts.TestInviteUser" />
		</classes>
	</test>	
	 <test name="Test Logout">
		<classes>
			<class name="com.qualitesoft.channelgatesip.testscripts.LogOff" />
		</classes>
	</test>	 
 <test name="Test SignUpNew">
		<classes>
			<class name="com.qualitesoft.channelgatesip.testscripts.TestSignUpNew" />
		</classes>
	</test>	
	<test name="Test Logout User">
		<classes>
			<class name="com.qualitesoft.channelgatesip.testscripts.LogOff" />
		</classes>
	</test>
</suite>