<?xml version="1.0" encoding="UTF-8" standalone="no"?>
<suite name="SaffuseFramework" thread-count="1">
      <parameter name="prjName" value="SaffuseFramework"></parameter>
      <parameter name="instanceName" value="qa"></parameter>
      <parameter name="sauceUser" value="Local"></parameter>
      <parameter name="proxy" value="yes"></parameter>
      <test name="login">
        <parameter name="testEnvironment" value="SaffuseTest=Windows 7||Firefox"></parameter>
        <parameter name="moduleName" value="gmail"></parameter>
        <classes>
            <class name="com.saffuse.SaffuseTest"/>
        </classes>
      </test>
</suite>