<?xml version="1.0" encoding="UTF-8"?>
<!DOCTYPE suite SYSTEM "http://testng.org/testng-1.0.dtd" >

<suite name="AbbySon">
	
	<parameter name="project" value="AbbySon" />
	<parameter name="browser" value="chrome" />
	<!-- <parameter name="URL" value="http://americanmatt.staging.constantretail.com/" /> -->
	<parameter name="URL" value="https://abbysontradeprogram.staging.constantretail.com"/>
	<parameter name="retryCount" value="0" />

	<test name="Test Login">
		<classes>
			<class name="com.qualitesoft.abbyson.testscripts.TestLogin" />
		</classes>
	</test>
	
	 <test name="Test Add Items to Cart">
		<classes>
			<class name="com.qualitesoft.abbyson.testscripts.TestAddItemsToCart" />
		</classes>
	</test>
	
	<test name="Test Cart Pages">
		<classes>
			<class name="com.qualitesoft.abbyson.testscripts.TestCartPages" />
		</classes>
	</test>
	
	<test name="Test Checkout">
		<classes>
			<class name="com.qualitesoft.abbyson.testscripts.TestCheckoutAsAccountHolder" />
		</classes>
	</test>	
	<test name="Test OrderConfirmation">
		<classes>
			<class name="com.qualitesoft.abbyson.testscripts.TestOrderConfirmation" />
		</classes>
	</test>		
	<test name="Test Logout">
		<classes>
			<class name="com.qualitesoft.abbyson.testscripts.TestLogOff" />
		</classes>
	</test>	 

</suite>