<?xml version="1.0" encoding="UTF-8"?>
<!DOCTYPE suite SYSTEM "http://testng.org/testng-1.0.dtd" >

<suite name="Cymax Suite">
	
	<parameter name="project" value="Cymax" />
	<parameter name="browser" value="chrome" />
	<parameter name="URL" value="http://qa.cymax.com/" />
	<parameter name="retryCount" value="0" />
	<parameter name="plaquery" value="src=PLA"/>
	

   	<test name="Test Create New Account">
		<classes>
			<class name="com.qualitesoft.cymax.testscripts.CreateNewAccount" />
		</classes>
	</test>
	
 	<test name="Product List Refinement">
		<classes>
			<class name="com.qualitesoft.cymax.testscripts.TestProductListingRefinement" />
		</classes>
	</test> 
	
	<test name="Test Add Items to Cart">
		<classes>
			<class name="com.qualitesoft.cymax.testscripts.AddItemsToCart" />
		</classes>
	</test>
	
	  <test name="EnhancedCart Product">
		<classes>
			<class name="com.qualitesoft.cymax.testscripts.TestEnhancedCartPLA" />
		</classes>
	 </test> 
	 <test name="Shipping Page">
		<classes>
			<class name="com.qualitesoft.cymax.testscripts.AddPayment" />
		</classes>
	 </test> 	
 	<test name="Checkout">
		<classes>
			<class name="com.qualitesoft.cymax.testscripts.CartPages" />
		</classes>
	</test>
	
	<test name="Order Confirmation">
		<classes>
			<class name="com.qualitesoft.cymax.testscripts.OrderConfirmation" />
		</classes>
	</test>
	    <test name="Search Product">
		<classes>
			<class name="com.qualitesoft.cymax.testscripts.TestSearchProduct" />
		</classes>
	</test>  
	<test name="Log Out">
		<classes>
			<class name="com.qualitesoft.cymax.testscripts.LogOff" />
		</classes>
	</test> 
</suite>	